,team_ids,round_ids,shots_total,shots_ongoal,shots_offgoal,shots_insidebox,shots_outsidebox,passes_total,passes_percentage,attacks_total,attacks_dangerous,fouls,corners,possession_time,yellow_cards,red_cards,saves,substitutions,tackles,penalties,injuries,results
0,273,194968,-11,-2.0,-9.0,-4.0,-6.0,-202,-10.469999999999999,-18,-15,6.0,-4.0,-22,1.0,1.0,2.0,3.0,-8,,,-1
1,62,194968,11,2.0,9.0,4.0,6.0,202,10.469999999999999,18,15,-6.0,4.0,22,-1.0,-1.0,-2.0,-3.0,8,,,1
2,496,194968,-5,0.0,-5.0,-1.0,-5.0,-44,-5.460000000000001,-42,-17,,-3.0,-8,1.0,,2.0,-1.0,-6,,,1
3,258,194968,5,0.0,5.0,1.0,5.0,44,5.460000000000001,42,17,,3.0,8,-1.0,,-2.0,1.0,6,,,-1
4,282,194968,4,-2.0,6.0,3.0,2.0,201,16.080000000000005,27,2,2.0,0.0,22,-3.0,,0.0,0.0,-2,1.0,,0
5,734,194968,-4,2.0,-6.0,-3.0,-2.0,-201,-16.080000000000005,-27,-2,-2.0,0.0,-22,3.0,,0.0,0.0,2,-1.0,,0
6,66,194968,-2,2.0,-4.0,2.0,-3.0,-78,-8.39,-62,-9,,1.0,-12,0.0,,1.0,0.0,-3,,,1
7,180,194968,2,-2.0,4.0,-2.0,3.0,78,8.39,62,9,,-1.0,12,0.0,,-1.0,0.0,3,,,-1
8,53,194968,20,11.0,9.0,14.0,4.0,513,33.47,45,14,0.0,3.0,60,-2.0,,-8.0,1.0,-20,,,1
9,338,194968,-20,-11.0,-9.0,-14.0,-4.0,-513,-33.47,-45,-14,0.0,-3.0,-60,2.0,,8.0,-1.0,20,,,-1
10,246,194968,-5,2.0,-7.0,-1.0,-5.0,-146,-14.89,-69,-13,14.0,-3.0,-20,2.0,,-1.0,0.0,7,0.0,1.0,1
11,309,194968,5,-2.0,7.0,1.0,5.0,146,14.89,69,13,-14.0,3.0,20,-2.0,,1.0,0.0,-7,0.0,-1.0,-1
12,338,194969,1,3.0,-2.0,0.0,0.0,-164,-17.83,-21,7,-1.0,8.0,-24,,,0.0,2.0,4,,,-1
13,246,194969,-1,-3.0,2.0,0.0,0.0,164,17.83,21,-7,1.0,-8.0,24,,,0.0,-2.0,-4,,,1
14,258,194969,-5,-5.0,0.0,-11.0,3.0,30,5.850000000000001,42,7,2.0,1.0,4,0.0,,3.0,3.0,4,0.0,,-1
15,66,194969,5,5.0,0.0,11.0,-3.0,-30,-5.850000000000001,-42,-7,-2.0,-1.0,-4,0.0,,-3.0,-3.0,-4,0.0,,1
16,309,194969,8,3.0,5.0,6.0,1.0,151,17.389999999999993,30,18,2.0,-1.0,20,2.0,,-2.0,1.0,1,,,-1
17,282,194969,-8,-3.0,-5.0,-6.0,-1.0,-151,-17.389999999999993,-30,-18,-2.0,1.0,-20,-2.0,,2.0,-1.0,-1,,,1
18,62,194969,23,10.0,13.0,17.0,8.0,441,23.189999999999998,62,71,,13.0,46,,,-8.0,0.0,-12,,,1
19,496,194969,-23,-10.0,-13.0,-17.0,-8.0,-441,-23.189999999999998,-62,-71,,-13.0,-46,,,8.0,0.0,12,,,-1
20,180,194969,-9,-1.0,-8.0,2.0,-13.0,-338,-28.479999999999997,-25,-34,1.0,-1.0,-40,1.0,,0.0,-2.0,0,1.0,0.0,0
21,53,194969,9,1.0,8.0,-2.0,13.0,338,28.479999999999997,25,34,-1.0,1.0,40,-1.0,,0.0,2.0,0,-1.0,0.0,0
22,282,194970,2,-2.0,4.0,-1.0,3.0,38,6.25,8,12,1.0,4.0,6,1.0,,1.0,2.0,-2,,-1.0,-1
23,66,194970,-2,2.0,-4.0,1.0,-3.0,-38,-6.25,-8,-12,-1.0,-4.0,-6,-1.0,,-1.0,-2.0,2,,1.0,1
24,309,194970,-2,-3.0,1.0,-3.0,-1.0,-36,-3.0600000000000023,-7,-25,,-2.0,-10,1.0,,4.0,0.0,2,,,0
25,258,194970,2,3.0,-1.0,3.0,1.0,36,3.0600000000000023,7,25,,2.0,10,-1.0,,-4.0,0.0,-2,,,0
26,246,194970,2,-1.0,3.0,0.0,2.0,58,4.200000000000003,-25,-27,2.0,0.0,4,1.0,,0.0,4.0,-6,1.0,,0
27,180,194970,-2,1.0,-3.0,0.0,-2.0,-58,-4.200000000000003,25,27,-2.0,0.0,-4,-1.0,,0.0,-4.0,6,-1.0,,0
28,62,194970,9,2.0,7.0,5.0,6.0,528,20.340000000000003,56,23,3.0,4.0,50,,,0.0,2.0,-2,,,1
29,734,194970,-9,-2.0,-7.0,-5.0,-6.0,-528,-20.340000000000003,-56,-23,-3.0,-4.0,-50,,,0.0,-2.0,2,,,-1
30,246,194971,-1,-2.0,1.0,2.0,-3.0,44,-0.6899999999999977,33,2,,-2.0,4,1.0,,1.0,2.0,0,,,-1
31,282,194971,1,2.0,-1.0,-2.0,3.0,-44,0.6899999999999977,-33,-2,,2.0,-4,-1.0,,-1.0,-2.0,0,,,1
32,338,194971,-6,-3.0,-3.0,0.0,-7.0,54,6.729999999999997,-25,38,,-6.0,8,,,1.0,2.0,2,,,-1
33,496,194971,6,3.0,3.0,0.0,7.0,-54,-6.729999999999997,25,-38,,6.0,-8,,,-1.0,-2.0,-2,,,1
34,180,194971,-5,-1.0,-4.0,-4.0,-2.0,-57,-2.789999999999992,-10,-14,0.0,10.0,-10,-1.0,1.0,0.0,0.0,-4,,,-1
35,734,194971,5,1.0,4.0,4.0,2.0,57,2.789999999999992,10,14,0.0,-10.0,10,1.0,-1.0,0.0,0.0,4,,,1
36,66,194971,-6,0.0,-6.0,-2.0,-3.0,-109,-12.709999999999994,-23,-11,-6.0,-4.0,-14,,,0.0,-1.0,8,,-2.0,0
37,309,194971,6,0.0,6.0,2.0,3.0,109,12.709999999999994,23,11,6.0,4.0,14,,,0.0,1.0,-8,,2.0,0
38,258,194971,-18,-1.0,-17.0,-12.0,-8.0,-521,-39.07,-92,-81,3.0,,-42,,,2.0,1.0,17,,2.0,0
39,62,194971,18,1.0,17.0,12.0,8.0,521,39.07,92,81,-3.0,,42,,,-2.0,-1.0,-17,,-2.0,0
40,734,194969,5,-2.0,7.0,0.0,5.0,-88,-3.259999999999991,28,32,3.0,4.0,-10,-1.0,,1.0,-1.0,7,,2.0,-1
41,273,194969,-5,2.0,-7.0,0.0,-5.0,88,3.259999999999991,-28,-32,-3.0,-4.0,10,1.0,,-1.0,1.0,-7,,-2.0,1
42,496,194972,-7,4.0,-11.0,-2.0,-4.0,-190,-14.519999999999996,-19,-34,0.0,-1.0,-26,,1.0,-4.0,-5.0,-5,,,0
43,246,194972,7,-4.0,11.0,2.0,4.0,190,14.519999999999996,19,34,0.0,1.0,26,,-1.0,4.0,5.0,5,,,0
44,309,194972,8,3.0,5.0,1.0,8.0,254,24.169999999999995,20,44,1.0,8.0,34,1.0,,-3.0,-1.0,-7,,,-1
45,338,194972,-8,-3.0,-5.0,-1.0,-8.0,-254,-24.169999999999995,-20,-44,-1.0,-8.0,-34,-1.0,,3.0,1.0,7,,,1
46,62,194972,23,8.0,15.0,13.0,11.0,426,25.660000000000004,55,55,1.0,7.0,50,0.0,,,1.0,5,,,1
47,180,194972,-23,-8.0,-15.0,-13.0,-11.0,-426,-25.660000000000004,-55,-55,-1.0,-7.0,-50,0.0,,,-1.0,-5,,,-1
48,282,194972,-16,-8.0,-8.0,-10.0,-6.0,-221,-14.66000000000001,-16,-35,8.0,-4.0,-30,0.0,,8.0,0.0,4,,0.0,-1
49,53,194972,16,8.0,8.0,10.0,6.0,221,14.66000000000001,16,35,-8.0,4.0,30,0.0,,-8.0,0.0,-4,,0.0,1
50,273,194972,-1,2.0,-3.0,-2.0,-1.0,-96,-4.490000000000009,4,-10,0.0,-2.0,-12,,,-2.0,-1.0,-9,1.0,,1
51,258,194972,1,-2.0,3.0,2.0,1.0,96,4.490000000000009,-4,10,0.0,2.0,12,,,2.0,1.0,9,-1.0,,-1
52,734,194972,-2,-2.0,,-1.0,1.0,-58,-6.140000000000001,12,6,0.0,1.0,-8,2.0,1.0,1.0,-1.0,-2,,,-1
53,66,194972,2,2.0,,1.0,-1.0,58,6.140000000000001,-12,-6,0.0,-1.0,8,-2.0,-1.0,-1.0,1.0,2,,,1
54,734,194973,17,3.0,14.0,9.0,7.0,-47,-3.1199999999999903,-59,26,,9.0,-4,,,-3.0,-2.0,14,,,1
55,496,194973,-17,-3.0,-14.0,-9.0,-7.0,47,3.1199999999999903,59,-26,,-9.0,4,,,3.0,2.0,-14,,,-1
56,180,194973,-3,8.0,-11.0,-3.0,-1.0,-255,-12.459999999999994,-52,-27,,-8.0,-36,2.0,,-4.0,2.0,3,,,1
57,282,194973,3,-8.0,11.0,3.0,1.0,255,12.459999999999994,52,27,,8.0,36,-2.0,,4.0,-2.0,-3,,,-1
58,258,194973,4,3.0,1.0,2.0,3.0,200,14.019999999999996,66,53,,9.0,26,-4.0,,-1.0,-3.0,4,,,1
59,246,194973,-4,-3.0,-1.0,-2.0,-3.0,-200,-14.019999999999996,-66,-53,,-9.0,-26,4.0,,1.0,3.0,-4,,,-1
60,338,194973,-18,-2.0,-16.0,-19.0,0.0,-398,-20.769999999999996,-7,-40,,3.0,-40,1.0,1.0,2.0,2.0,-4,,,-1
61,62,194973,18,2.0,16.0,19.0,0.0,398,20.769999999999996,7,40,,-3.0,40,-1.0,-1.0,-2.0,-2.0,4,,,1
62,53,194973,12,3.0,9.0,7.0,5.0,317,11.840000000000003,82,82,0.0,4.0,32,-1.0,,-1.0,0.0,0,,,1
63,309,194973,-12,-3.0,-9.0,-7.0,-5.0,-317,-11.840000000000003,-82,-82,0.0,-4.0,-32,1.0,,1.0,0.0,0,,,-1
64,66,194973,-6,-5.0,-1.0,0.0,-5.0,50,1.75,19,1,1.0,2.0,6,,,3.0,0.0,11,,,-1
65,273,194973,6,5.0,1.0,0.0,5.0,-50,-1.75,-19,-1,-1.0,-2.0,-6,,,-3.0,0.0,-11,,,1
66,258,194974,8,-1.0,9.0,8.0,-1.0,33,4.5,21,39,5.0,5.0,6,0.0,,0.0,0.0,0,,,-1
67,338,194974,-8,1.0,-9.0,-8.0,1.0,-33,-4.5,-21,-39,-5.0,-5.0,-6,0.0,,0.0,0.0,0,,,1
68,273,194974,6,0.0,6.0,2.0,4.0,3,-0.030000000000001137,-11,-11,-3.0,0.0,-2,,,-1.0,-3.0,-6,,,1
69,180,194974,-6,0.0,-6.0,-2.0,-4.0,-3,0.030000000000001137,11,11,3.0,0.0,2,,,1.0,3.0,6,,,-1
70,309,194974,-5,-1.0,-4.0,-7.0,1.0,-139,-6.940000000000012,-18,-17,1.0,-1.0,-18,4.0,,2.0,-1.0,-10,,,1
71,734,194974,5,1.0,4.0,7.0,-1.0,139,6.940000000000012,18,17,-1.0,1.0,18,-4.0,,-2.0,1.0,10,,,-1
72,62,194974,16,8.0,8.0,17.0,2.0,197,4.950000000000003,45,44,-5.0,4.0,20,-2.0,,-4.0,-1.0,6,,2.0,1
73,282,194974,-16,-8.0,-8.0,-17.0,-2.0,-197,-4.950000000000003,-45,-44,5.0,-4.0,-20,2.0,,4.0,1.0,-6,,-2.0,-1
74,246,194974,-9,-5.0,-2.0,-7.0,-2.0,-155,-3.7900000000000063,15,-3,2.0,-3.0,-16,0.0,,-1.0,-1.0,-6,,,-1
75,53,194974,9,5.0,2.0,7.0,2.0,155,3.7900000000000063,-15,3,-2.0,3.0,16,0.0,,1.0,1.0,6,,,1
76,496,194974,0,-2.0,3.0,2.0,-2.0,20,4.090000000000003,13,23,0.0,1.0,2,0.0,,-1.0,3.0,2,,,-1
77,66,194974,0,2.0,-3.0,-2.0,2.0,-20,-4.090000000000003,-13,-23,0.0,-1.0,-2,0.0,,1.0,-3.0,-2,,,1
78,496,194970,-11,-7.0,-4.0,-5.0,-4.0,-502,-31.989999999999995,-83,-55,,1.0,-54,2.0,,6.0,0.0,0,,,-1
79,53,194970,11,7.0,4.0,5.0,4.0,502,31.989999999999995,83,55,,-1.0,54,-2.0,,-6.0,0.0,0,,,1
80,53,194975,12,3.0,9.0,5.0,5.0,413,28.93,88,49,,2.0,42,0.0,,-2.0,1.0,-17,,,1
81,258,194975,-12,-3.0,-9.0,-5.0,-5.0,-413,-28.93,-88,-49,,-2.0,-42,0.0,,2.0,-1.0,17,,,-1
82,282,194975,1,3.0,-2.0,4.0,-3.0,116,11.150000000000006,18,-6,2.0,4.0,16,2.0,,-3.0,-2.0,12,,,1
83,496,194975,-1,-3.0,2.0,-4.0,3.0,-116,-11.150000000000006,-18,6,-2.0,-4.0,-16,-2.0,,3.0,2.0,-12,,,-1
84,180,194975,1,3.0,-2.0,2.0,0.0,-85,-9.629999999999995,-10,9,2.0,-2.0,-12,-2.0,1.0,-3.0,-2.0,1,,,1
85,338,194975,-1,-3.0,2.0,-2.0,0.0,85,9.629999999999995,10,-9,-2.0,2.0,12,2.0,-1.0,3.0,2.0,-1,,,-1
86,734,194975,8,-1.0,9.0,7.0,-1.0,51,1.559999999999988,16,19,,6.0,8,-1.0,,0.0,1.0,9,,,-1
87,246,194975,-8,1.0,-9.0,-7.0,1.0,-51,-1.559999999999988,-16,-19,,-6.0,-8,1.0,,0.0,-1.0,-9,,,1
88,66,194975,-13,-2.0,-11.0,-10.0,-2.0,-344,-18.760000000000005,-28,-44,2.0,1.0,-40,3.0,,2.0,0.0,-9,,1.0,0
89,62,194975,13,2.0,11.0,10.0,2.0,344,18.760000000000005,28,44,-2.0,-1.0,40,-3.0,,-2.0,0.0,9,,-1.0,0
90,273,194975,-2,-2.0,0.0,-4.0,4.0,266,17.679999999999993,16,11,1.0,-1.0,32,3.0,,,2.0,-5,,,-1
91,309,194975,2,2.0,0.0,4.0,-4.0,-266,-17.679999999999993,-16,-11,-1.0,1.0,-32,-3.0,,,-2.0,5,,,1
92,338,194976,0,-1.0,1.0,2.0,-2.0,-15,-8.479999999999997,31,4,1.0,2.0,-4,3.0,,1.0,4.0,6,,,0
93,282,194976,0,1.0,-1.0,-2.0,2.0,15,8.479999999999997,-31,-4,-1.0,-2.0,4,-3.0,,-1.0,-4.0,-6,,,0
94,258,194976,-6,0.0,-6.0,-4.0,-1.0,15,-1.1099999999999994,28,11,1.0,1.0,0,2.0,,1.0,-1.0,3,,,1
95,734,194976,6,0.0,6.0,4.0,1.0,-15,1.1099999999999994,-28,-11,-1.0,-1.0,0,-2.0,,-1.0,1.0,-3,,,-1
96,496,194976,1,,4.0,3.0,,-94,-6.8500000000000085,9,-15,,-1.0,-12,5.0,,2.0,2.0,6,,,-1
97,180,194976,-1,,-4.0,-3.0,,94,6.8500000000000085,-9,15,,1.0,12,-5.0,,-2.0,-2.0,-6,,,1
98,309,194976,-8,-8.0,0.0,-5.0,-2.0,-114,-3.8200000000000074,13,8,5.0,3.0,-14,1.0,,3.0,-1.0,-8,,,-1
99,62,194976,8,8.0,0.0,5.0,2.0,114,3.8200000000000074,-13,-8,-5.0,-3.0,14,-1.0,,-3.0,1.0,8,,,1
100,53,194976,10,8.0,2.0,3.0,8.0,315,11.320000000000007,58,18,,1.0,28,,,,2.0,-10,,,1
101,66,194976,-10,-8.0,-2.0,-3.0,-8.0,-315,-11.320000000000007,-58,-18,,-1.0,-28,,,,-2.0,10,,,-1
102,246,194976,-12,,-4.0,-5.0,-5.0,-66,-7.38000000000001,-6,-20,,-4.0,-10,2.0,1.0,5.0,-2.0,1,,,-1
103,273,194976,12,,4.0,5.0,5.0,66,7.38000000000001,6,20,,4.0,10,-2.0,-1.0,-5.0,2.0,-1,,,1
104,282,194977,-17,-7.0,,,-2.0,-87,-10.68,-24,-29,-2.0,-8.0,-14,,,4.0,0.0,5,,,-1
105,258,194977,17,7.0,,,2.0,87,10.68,24,29,2.0,8.0,14,,,-4.0,0.0,-5,,,1
106,273,194977,5,6.0,-1.0,6.0,-2.0,197,15.990000000000002,6,21,1.0,-1.0,24,0.0,,,4.0,-9,,,1
107,496,194977,-5,-6.0,1.0,-6.0,2.0,-197,-15.990000000000002,-6,-21,-1.0,1.0,-24,0.0,,,-4.0,9,,,-1
108,66,194977,9,3.0,6.0,7.0,3.0,124,7.13000000000001,6,30,,5.0,12,-1.0,,-3.0,-1.0,-6,,,1
109,338,194977,-9,-3.0,-6.0,-7.0,-3.0,-124,-7.13000000000001,-6,-30,,-5.0,-12,1.0,,3.0,1.0,6,,,-1
110,734,194977,-12,,-9.0,-10.0,-2.0,-339,-22.179999999999993,-59,-5,,-10.0,-38,1.0,,1.0,-3.0,16,,,-1
111,53,194977,12,,9.0,10.0,2.0,339,22.179999999999993,59,5,,10.0,38,-1.0,,-1.0,3.0,-16,,,1
112,62,194977,12,5.0,7.0,5.0,6.0,388,24.119999999999997,49,45,,12.0,44,,,,1.0,-5,1.0,,1
113,246,194977,-12,-5.0,-7.0,-5.0,-6.0,-388,-24.119999999999997,-49,-45,,-12.0,-44,,,,-1.0,5,-1.0,,-1
114,53,194978,0,-4.0,4.0,-4.0,0.0,114,2.799999999999997,42,-25,-3.0,-4.0,12,0.0,,3.0,2.0,0,,,-1
115,62,194978,0,4.0,-4.0,4.0,0.0,-114,-2.799999999999997,-42,25,3.0,4.0,-12,0.0,,-3.0,-2.0,0,,,1
116,282,194978,-9,-3.0,-6.0,-9.0,-3.0,-138,-14.5,-32,-58,1.0,-8.0,-22,-1.0,,3.0,2.0,3,,,0
117,273,194978,9,3.0,6.0,9.0,3.0,138,14.5,32,58,-1.0,8.0,22,1.0,,-3.0,-2.0,-3,,,0
118,338,194978,-15,-4.0,-11.0,-12.0,0.0,38,3.5899999999999963,61,-23,1.0,-4.0,2,1.0,,2.0,0.0,3,,,-1
119,734,194978,15,4.0,11.0,12.0,0.0,-38,-3.5899999999999963,-61,23,-1.0,4.0,-2,-1.0,,-2.0,0.0,-3,,,1
120,258,194978,4,-1.0,5.0,4.0,0.0,167,5.950000000000003,48,31,,3.0,22,4.0,,1.0,-1.0,4,,,-1
121,180,194978,-4,1.0,-5.0,-4.0,0.0,-167,-5.950000000000003,-48,-31,,-3.0,-22,-4.0,,-1.0,1.0,-4,,,1
122,246,194978,-13,-5.0,-8.0,-15.0,4.0,-87,-5.8999999999999915,17,4,,-2.0,-12,0.0,1.0,3.0,2.0,1,,,0
123,66,194978,13,5.0,8.0,15.0,-4.0,87,5.8999999999999915,-17,-4,,2.0,12,0.0,-1.0,-3.0,-2.0,-1,,,0
124,273,194970,8,2.0,6.0,6.0,1.0,48,6.609999999999999,-29,23,2.0,7.0,6,0.0,,1.0,0.0,-11,,,1
125,338,194970,-8,-2.0,-6.0,-6.0,-1.0,-48,-6.609999999999999,29,-23,-2.0,-7.0,-6,0.0,,-1.0,0.0,11,,,-1
126,180,194979,-5,,-3.0,2.0,-5.0,73,8.239999999999995,-3,24,2.0,-5.0,10,1.0,,1.0,0.0,0,,,-1
127,66,194979,5,,3.0,-2.0,5.0,-73,-8.239999999999995,3,-24,-2.0,5.0,-10,-1.0,,-1.0,0.0,0,,,1
128,309,194979,1,1.0,0.0,3.0,0.0,-10,-1.6000000000000085,-19,-24,,-2.0,-4,1.0,,2.0,0.0,-9,1.0,,1
129,246,194979,-1,-1.0,0.0,-3.0,0.0,10,1.6000000000000085,19,24,,2.0,4,-1.0,,-2.0,0.0,9,-1.0,,-1
130,734,194979,10,2.0,8.0,6.0,5.0,89,13.259999999999991,8,49,2.0,5.0,12,0.0,,,2.0,-5,,,0
131,282,194979,-10,-2.0,-8.0,-6.0,-5.0,-89,-13.259999999999991,-8,-49,-2.0,-5.0,-12,0.0,,,-2.0,5,,,0
132,273,194979,0,-2.0,2.0,-1.0,0.0,-165,-14.39,-13,-15,-5.0,-2.0,-24,1.0,,2.0,0.0,0,1.0,3.0,0
133,53,194979,0,2.0,-2.0,1.0,0.0,165,14.39,13,15,5.0,2.0,24,-1.0,,-2.0,0.0,0,-1.0,-3.0,0
134,62,194979,5,4.0,1.0,5.0,2.0,366,19.93,31,39,,2.0,38,0.0,,-5.0,0.0,-5,,,1
135,258,194979,-5,-4.0,-1.0,-5.0,-2.0,-366,-19.93,-31,-39,,-2.0,-38,0.0,,5.0,0.0,5,,,-1
136,282,194980,-5,0.0,-5.0,0.0,-5.0,-212,-20.589999999999996,-78,-39,-5.0,-6.0,-30,-3.0,,1.0,-1.0,4,1.0,,1
137,246,194980,5,0.0,5.0,0.0,5.0,212,20.589999999999996,78,39,5.0,6.0,30,3.0,,-1.0,1.0,-4,-1.0,,-1
138,258,194980,6,1.0,5.0,1.0,4.0,75,7.160000000000004,10,17,2.0,0.0,12,0.0,,-1.0,0.0,2,,,-1
139,309,194980,-6,-1.0,-5.0,-1.0,-4.0,-75,-7.160000000000004,-10,-17,-2.0,0.0,-12,0.0,,1.0,0.0,-2,,,1
140,180,194980,-13,0.0,-13.0,-12.0,0.0,-86,-7.3799999999999955,-31,-46,-1.0,-5.0,-14,0.0,,-1.0,1.0,4,,0.0,-1
141,62,194980,13,0.0,13.0,12.0,0.0,86,7.3799999999999955,31,46,1.0,5.0,14,0.0,,1.0,-1.0,-4,,0.0,1
142,273,194981,0,-1.0,1.0,-2.0,3.0,-182,-4.290000000000006,-24,-43,12.0,-1.0,-24,,,2.0,0.0,-2,,,1
143,66,194981,0,1.0,-1.0,2.0,-3.0,182,4.290000000000006,24,43,-12.0,1.0,24,,,-2.0,0.0,2,,,-1
144,246,194981,1,1.0,0.0,1.0,-1.0,90,5.109999999999999,-37,0,-3.0,0.0,12,0.0,,0.0,0.0,-12,,,0
145,258,194981,-1,-1.0,0.0,-1.0,1.0,-90,-5.109999999999999,37,0,3.0,0.0,-12,0.0,,0.0,0.0,12,,,0
146,734,194981,3,2.0,1.0,1.0,2.0,-22,3.3299999999999983,-11,14,6.0,-1.0,-2,1.0,,,-1.0,1,,,1
147,180,194981,-3,-2.0,-1.0,-1.0,-2.0,22,-3.3299999999999983,11,-14,-6.0,1.0,2,-1.0,,,1.0,-1,,,-1
148,496,194981,13,,14.0,8.0,4.0,105,11.870000000000005,59,26,-2.0,1.0,14,0.0,,1.0,1.0,-6,,,0
149,282,194981,-13,,-14.0,-8.0,-4.0,-105,-11.870000000000005,-59,-26,2.0,-1.0,-14,0.0,,-1.0,-1.0,6,,,0
150,309,194981,-5,-2.0,-3.0,-5.0,-1.0,-249,-13.820000000000007,-14,-11,-3.0,1.0,-28,3.0,,0.0,-1.0,-5,,,-1
151,53,194981,5,2.0,3.0,5.0,1.0,249,13.820000000000007,14,11,3.0,-1.0,28,-3.0,,0.0,1.0,5,,,1
152,62,194981,18,13.0,5.0,21.0,3.0,464,33.349999999999994,40,59,-1.0,6.0,52,,,,2.0,-7,1.0,,1
153,338,194981,-18,-13.0,-5.0,-21.0,-3.0,-464,-33.349999999999994,-40,-59,1.0,-6.0,-52,,,,-2.0,7,-1.0,,-1
154,66,194982,-8,-8.0,0.0,0.0,-9.0,-332,-24.32,-72,-39,4.0,-3.0,-40,4.0,,9.0,-1.0,7,0.0,,0
155,53,194982,8,8.0,0.0,0.0,9.0,332,24.32,72,39,-4.0,3.0,40,-4.0,,-9.0,1.0,-7,0.0,,0
156,282,194982,1,2.0,-1.0,0.0,-1.0,128,15.420000000000002,-15,-14,-1.0,1.0,16,0.0,,0.0,3.0,-9,,,1
157,338,194982,-1,-2.0,1.0,0.0,1.0,-128,-15.420000000000002,15,14,1.0,-1.0,-16,0.0,,0.0,-3.0,9,,,-1
158,180,194982,-4,4.0,-8.0,0.0,-5.0,-213,-14.989999999999995,-27,-24,-7.0,-6.0,-30,1.0,1.0,-2.0,1.0,-2,1.0,,1
159,246,194982,4,-4.0,8.0,0.0,5.0,213,14.989999999999995,27,24,7.0,6.0,30,-1.0,-1.0,2.0,-1.0,2,-1.0,,-1
160,258,194982,-2,-1.0,-1.0,-1.0,-1.0,92,9.149999999999999,24,3,5.0,-4.0,10,0.0,,0.0,0.0,25,,,-1
161,496,194982,2,1.0,1.0,1.0,1.0,-92,-9.149999999999999,-24,-3,-5.0,4.0,-10,0.0,,0.0,0.0,-25,,,1
162,734,194982,9,2.0,7.0,7.0,1.0,51,1.75,58,52,0.0,3.0,6,2.0,,-3.0,0.0,4,1.0,,0
163,309,194982,-9,-2.0,-7.0,-7.0,-1.0,-51,-1.75,-58,-52,0.0,-3.0,-6,-2.0,,3.0,0.0,-4,-1.0,,0
164,62,194982,9,2.0,7.0,7.0,4.0,437,15.349999999999994,87,26,-1.0,3.0,42,,,1.0,1.0,0,1.0,,1
165,273,194982,-9,-2.0,-7.0,-7.0,-4.0,-437,-15.349999999999994,-87,-26,1.0,-3.0,-42,,,-1.0,-1.0,0,-1.0,,-1
166,66,194980,-1,1.0,-2.0,1.0,-2.0,270,17.17,43,16,2.0,0.0,28,1.0,,-1.0,1.0,-3,,,0
167,734,194980,1,-1.0,2.0,-1.0,2.0,-270,-17.17,-43,-16,-2.0,0.0,-28,-1.0,,1.0,-1.0,3,,,0
168,338,194980,1,2.0,,-2.0,,-286,-26.340000000000003,-1,-18,-1.0,-6.0,-38,2.0,,1.0,0.0,6,,0.0,0
169,273,194980,-1,-2.0,,2.0,,286,26.340000000000003,1,18,1.0,6.0,38,-2.0,,-1.0,0.0,-6,,0.0,0
170,338,194983,-2,4.0,-6.0,0.0,-1.0,-1,1.75,-20,-14,14.0,1.0,0,1.0,,-3.0,1.0,13,1.0,,1
171,180,194983,2,-4.0,6.0,0.0,1.0,1,-1.75,20,14,-14.0,-1.0,0,-1.0,,3.0,-1.0,-13,-1.0,,-1
172,258,194983,6,3.0,3.0,5.0,-1.0,-15,0.5700000000000003,31,38,-1.0,4.0,0,3.0,,0.0,2.0,10,,,1
173,282,194983,-6,-3.0,-3.0,-5.0,1.0,15,-0.5700000000000003,-31,-38,1.0,-4.0,0,-3.0,,0.0,-2.0,-10,,,-1
174,309,194983,0,-4.0,4.0,-2.0,2.0,-35,-4.460000000000008,6,-8,3.0,1.0,-6,0.0,,1.0,-1.0,0,,,-1
175,66,194983,0,4.0,-4.0,2.0,-2.0,35,4.460000000000008,-6,8,-3.0,-1.0,6,0.0,,-1.0,1.0,0,,,1
176,496,194983,15,8.0,7.0,13.0,3.0,19,4.200000000000003,16,25,-1.0,6.0,4,-1.0,,-9.0,-2.0,-5,1.0,,0
177,273,194983,-15,-8.0,-7.0,-13.0,-3.0,-19,-4.200000000000003,-16,-25,1.0,-6.0,-4,1.0,,9.0,2.0,5,-1.0,,0
178,246,194983,-12,-4.0,-8.0,-8.0,,-404,-11.27000000000001,-34,-37,4.0,,-40,4.0,,1.0,-1.0,4,,,-1
179,62,194983,12,4.0,8.0,8.0,,404,11.27000000000001,34,37,-4.0,,40,-4.0,,-1.0,1.0,-4,,,1
180,53,194983,5,2.0,3.0,6.0,5.0,311,19.21999999999999,13,34,6.0,7.0,36,-4.0,,,4.0,-13,,,0
181,734,194983,-5,-2.0,-3.0,-6.0,-5.0,-311,-19.21999999999999,-13,-34,-6.0,-7.0,-36,4.0,,,-4.0,13,,,0
182,273,194984,1,3.0,,1.0,,-20,-0.6799999999999926,0,3,-2.0,1.0,-4,0.0,,0.0,1.0,-12,,,1
183,246,194984,-1,-3.0,,-1.0,,20,0.6799999999999926,0,-3,2.0,-1.0,4,0.0,,0.0,-1.0,12,,,-1
184,338,194984,-13,-4.0,-9.0,-9.0,,-291,-17.909999999999997,-30,-22,4.0,-5.0,-36,3.0,,3.0,-1.0,12,,,-1
185,66,194984,13,4.0,9.0,9.0,,291,17.909999999999997,30,22,-4.0,5.0,36,-3.0,,-3.0,1.0,-12,,,1
186,309,194984,13,6.0,7.0,7.0,4.0,66,9.669999999999987,40,16,6.0,0.0,8,-3.0,,-7.0,1.0,-1,,,-1
187,496,194984,-13,-6.0,-7.0,-7.0,-4.0,-66,-9.669999999999987,-40,-16,-6.0,0.0,-8,3.0,,7.0,-1.0,1,,,1
188,734,194984,2,-1.0,3.0,3.0,0.0,197,18.669999999999995,45,22,-2.0,1.0,26,0.0,,0.0,0.0,-1,,,-1
189,258,194984,-2,1.0,-3.0,-3.0,0.0,-197,-18.669999999999995,-45,-22,2.0,-1.0,-26,0.0,,0.0,0.0,1,,,1
190,282,194984,-15,-5.0,-10.0,-5.0,-6.0,-424,-28.499999999999993,-105,-54,3.0,-8.0,-50,0.0,,1.0,-2.0,6,,,-1
191,62,194984,15,5.0,10.0,5.0,6.0,424,28.499999999999993,105,54,-3.0,8.0,50,0.0,,-1.0,2.0,-6,,,1
192,53,194984,23,7.0,16.0,11.0,13.0,217,16.019999999999996,45,26,2.0,7.0,26,,,-6.0,2.0,-3,,,1
193,180,194984,-23,-7.0,-16.0,-11.0,-13.0,-217,-16.019999999999996,-45,-26,-2.0,-7.0,-26,,,6.0,-2.0,3,,,-1
194,66,194985,5,4.0,1.0,5.0,-2.0,97,6.310000000000002,24,15,-1.0,5.0,12,-2.0,,-6.0,-1.0,4,,,0
195,282,194985,-5,-4.0,-1.0,-5.0,2.0,-97,-6.310000000000002,-24,-15,1.0,-5.0,-12,2.0,,6.0,1.0,-4,,,0
196,62,194985,11,4.0,7.0,8.0,8.0,539,43.669999999999995,68,84,0.0,12.0,64,,,-4.0,0.0,3,,,1
197,309,194985,-11,-4.0,-7.0,-8.0,-8.0,-539,-43.669999999999995,-68,-84,0.0,-12.0,-64,,,4.0,0.0,-3,,,-1
198,246,194985,3,1.0,2.0,4.0,6.0,344,35.300000000000004,57,33,-3.0,4.0,46,0.0,,-2.0,-2.0,-4,,,-1
199,338,194985,-3,-1.0,-2.0,-4.0,-6.0,-344,-35.300000000000004,-57,-33,3.0,-4.0,-46,0.0,,2.0,2.0,4,,,1
200,496,194985,8,1.0,7.0,2.0,6.0,265,22.459999999999994,22,20,-3.0,1.0,34,-1.0,,1.0,0.0,-1,,,1
201,734,194985,-8,-1.0,-7.0,-2.0,-6.0,-265,-22.459999999999994,-22,-20,3.0,-1.0,-34,1.0,,-1.0,0.0,1,,,-1
202,180,194985,-8,-1.0,-7.0,-2.0,-5.0,-43,-3.7700000000000102,15,28,-7.0,9.0,-4,1.0,1.0,-1.0,-1.0,-2,,1.0,-1
203,273,194985,8,1.0,7.0,2.0,5.0,43,3.7700000000000102,-15,-28,7.0,-9.0,4,-1.0,-1.0,1.0,1.0,2,,-1.0,1
204,53,194986,15,3.0,12.0,11.0,8.0,329,20.349999999999994,-7,39,5.0,7.0,34,,,-2.0,-1.0,1,,0.0,1
205,246,194986,-15,-3.0,-12.0,-11.0,-8.0,-329,-20.349999999999994,7,-39,-5.0,-7.0,-34,,,2.0,1.0,-1,,0.0,-1
206,338,194986,-12,-3.0,-9.0,,-3.0,-146,-13.469999999999999,-22,-31,3.0,-4.0,-22,2.0,,1.0,3.0,-1,,,-1
207,258,194986,12,3.0,9.0,,3.0,146,13.469999999999999,22,31,-3.0,4.0,22,-2.0,,-1.0,-3.0,1,,,1
208,66,194986,-2,0.0,-2.0,1.0,-4.0,33,-4.289999999999992,-7,2,-2.0,-2.0,2,1.0,0.0,1.0,-1.0,-3,,,1
209,496,194986,2,0.0,2.0,-1.0,4.0,-33,4.289999999999992,7,-2,2.0,2.0,-2,-1.0,0.0,-1.0,1.0,3,,,-1
210,734,194986,-3,-2.0,-1.0,-1.0,0.0,-248,-17.119999999999997,-23,-11,-2.0,-3.0,-28,3.0,1.0,0.0,2.0,6,,,-1
211,62,194986,3,2.0,1.0,1.0,0.0,248,17.119999999999997,23,11,2.0,3.0,28,-3.0,-1.0,0.0,-2.0,-6,,,1
212,309,194986,-2,1.0,-3.0,-4.0,-1.0,-94,-6.079999999999998,7,-1,-2.0,-4.0,-14,,,0.0,1.0,6,,,0
213,273,194986,2,-1.0,3.0,4.0,1.0,94,6.079999999999998,-7,1,2.0,4.0,14,,,0.0,-1.0,-6,,,0
214,282,194986,-5,1.0,-6.0,-5.0,1.0,-115,-10.410000000000004,-11,-23,-2.0,-5.0,-16,1.0,,-1.0,-1.0,4,,,1
215,180,194986,5,-1.0,6.0,5.0,-1.0,115,10.410000000000004,11,23,2.0,5.0,16,-1.0,,1.0,1.0,-4,,,-1
216,62,194987,4,3.0,1.0,3.0,3.0,240,14.539999999999992,49,24,2.0,-3.0,26,,,-2.0,2.0,-4,,2.0,1
217,66,194987,-4,-3.0,-1.0,-3.0,-3.0,-240,-14.539999999999992,-49,-24,-2.0,3.0,-26,,,2.0,-2.0,4,,-2.0,-1
218,282,194987,-28,-4.0,-24.0,-6.0,-6.0,76,4.57,38,-21,7.0,-1.0,10,3.0,,2.0,1.0,-10,,,0
219,309,194987,28,4.0,24.0,6.0,6.0,-76,-4.57,-38,21,-7.0,1.0,-10,-3.0,,-2.0,-1.0,10,,,0
220,273,194987,-1,2.0,-3.0,-2.0,-1.0,75,4.700000000000003,-3,-12,5.0,1.0,8,-3.0,,1.0,-1.0,-9,1.0,,1
221,734,194987,1,-2.0,3.0,2.0,1.0,-75,-4.700000000000003,3,12,-5.0,-1.0,-8,3.0,,-1.0,1.0,9,-1.0,,-1
222,338,194987,-17,,-9.0,,-5.0,-414,-26.890000000000008,-70,-43,5.0,-4.0,-48,0.0,,5.0,-1.0,0,,1.0,-1
223,53,194987,17,,9.0,,5.0,414,26.890000000000008,70,43,-5.0,4.0,48,0.0,,-5.0,1.0,0,,-1.0,1
224,180,194987,-2,-2.0,0.0,-1.0,1.0,92,9.879999999999995,-18,7,1.0,3.0,14,0.0,,1.0,,-4,1.0,,-1
225,258,194987,2,2.0,0.0,1.0,-1.0,-92,-9.879999999999995,18,-7,-1.0,-3.0,-14,0.0,,-1.0,,4,-1.0,,1
226,246,194987,-15,-5.0,-10.0,-8.0,-8.0,-137,-15.919999999999987,-31,-47,5.0,-11.0,-26,3.0,2.0,2.0,-1.0,9,,,-1
227,496,194987,15,5.0,10.0,8.0,8.0,137,15.919999999999987,31,47,-5.0,11.0,26,-3.0,-2.0,-2.0,1.0,-9,,,1
228,53,194988,16,6.0,10.0,5.0,11.0,456,21.14,91,45,6.0,2.0,46,,,-4.0,1.0,-5,,,1
229,282,194988,-16,-6.0,-10.0,-5.0,-11.0,-456,-21.14,-91,-45,-6.0,-2.0,-46,,,4.0,-1.0,5,,,-1
230,734,194988,19,,22.0,9.0,9.0,127,11.230000000000004,-8,28,2.0,8.0,18,,,-1.0,1.0,1,,,0
231,338,194988,-19,,-22.0,-9.0,-9.0,-127,-11.230000000000004,8,-28,-2.0,-8.0,-18,,,1.0,-1.0,-1,,,0
232,496,194988,-2,2.0,-4.0,-1.0,-2.0,-140,-2.719999999999999,-9,24,2.0,5.0,-14,1.0,,-2.0,1.0,-7,,,-1
233,62,194988,2,-2.0,4.0,1.0,2.0,140,2.719999999999999,9,-24,-2.0,-5.0,14,-1.0,,2.0,-1.0,7,,,1
234,66,194988,7,0.0,7.0,6.0,1.0,101,6.969999999999999,45,45,-10.0,3.0,14,1.0,,-2.0,2.0,-3,,,-1
235,246,194988,-7,0.0,-7.0,-6.0,-1.0,-101,-6.969999999999999,-45,-45,10.0,-3.0,-14,-1.0,,2.0,-2.0,3,,,1
236,309,194988,-7,-5.0,-2.0,-3.0,-5.0,125,4.949999999999996,-5,-7,-3.0,-3.0,16,1.0,1.0,3.0,0.0,7,,,-1
237,180,194988,7,5.0,2.0,3.0,5.0,-125,-4.949999999999996,5,7,3.0,3.0,-16,-1.0,-1.0,-3.0,0.0,-7,,,1
238,62,194989,-3,-1.0,-2.0,3.0,-6.0,24,-0.4099999999999966,-22,3,-6.0,-4.0,2,0.0,,3.0,-1.0,10,,,1
239,53,194989,3,1.0,2.0,-3.0,6.0,-24,0.4099999999999966,22,-3,6.0,4.0,-2,0.0,,-3.0,1.0,-10,,,-1
240,338,194989,-3,-2.0,-1.0,-4.0,2.0,-186,-23.65,-50,-15,0.0,1.0,-28,0.0,,5.0,2.0,0,,,1
241,309,194989,3,2.0,1.0,4.0,-2.0,186,23.65,50,15,0.0,-1.0,28,0.0,,-5.0,-2.0,0,,,-1
242,273,194989,9,0.0,9.0,6.0,3.0,71,13.010000000000005,41,49,-1.0,3.0,12,-1.0,,-2.0,3.0,4,,,0
243,282,194989,-9,0.0,-9.0,-6.0,-3.0,-71,-13.010000000000005,-41,-49,1.0,-3.0,-12,1.0,,2.0,-3.0,-4,,,0
244,66,194989,-6,-4.0,-2.0,-4.0,-3.0,256,22.699999999999996,60,48,-3.0,1.0,32,0.0,,2.0,1.0,1,,,-1
245,258,194989,6,4.0,2.0,4.0,3.0,-256,-22.699999999999996,-60,-48,3.0,-1.0,-32,0.0,,-2.0,-1.0,-1,,,1
246,180,194989,2,2.0,0.0,2.0,-1.0,-152,-8.709999999999994,6,10,1.0,0.0,-18,1.0,,-1.0,-3.0,8,,,0
247,496,194989,-2,-2.0,0.0,-2.0,1.0,152,8.709999999999994,-6,-10,-1.0,0.0,18,-1.0,,1.0,3.0,-8,,,0
248,246,194989,-5,-1.0,-4.0,-3.0,-1.0,134,6.690000000000012,0,-15,5.0,10.0,14,0.0,,1.0,1.0,-8,,,0
249,734,194989,5,1.0,4.0,3.0,1.0,-134,-6.690000000000012,0,15,-5.0,-10.0,-14,0.0,,-1.0,-1.0,8,,,0
250,180,194990,11,1.0,10.0,4.0,8.0,222,21.660000000000004,60,29,2.0,2.0,26,,,0.0,3.0,4,,,1
251,338,194990,-11,-1.0,-10.0,-4.0,-8.0,-222,-21.660000000000004,-60,-29,-2.0,-2.0,-26,,,0.0,-3.0,-4,,,-1
252,496,194990,5,0.0,5.0,2.0,3.0,-13,-1.6000000000000085,6,13,-3.0,-5.0,-2,0.0,,1.0,0.0,7,1.0,,0
253,309,194990,-5,0.0,-5.0,-2.0,-3.0,13,1.6000000000000085,-6,-13,3.0,5.0,2,0.0,,-1.0,0.0,-7,-1.0,,0
254,273,194990,-13,-6.0,-7.0,-8.0,,-551,-38.53,-85,-60,10.0,-5.0,-60,1.0,1.0,3.0,2.0,11,,,-1
255,62,194990,13,6.0,7.0,8.0,,551,38.53,85,60,-10.0,5.0,60,-1.0,-1.0,-3.0,-2.0,-11,,,1
256,258,194990,7,2.0,5.0,2.0,4.0,25,9.340000000000003,12,15,-5.0,1.0,4,-4.0,,0.0,-1.0,8,,,1
257,246,194990,-7,-2.0,-5.0,-2.0,-4.0,-25,-9.340000000000003,-12,-15,5.0,-1.0,-4,4.0,,0.0,1.0,-8,,,-1
258,53,194990,-5,1.0,-6.0,-8.0,2.0,165,11.939999999999998,11,-14,-5.0,-7.0,16,-1.0,,0.0,-1.0,-8,,0.0,0
259,66,194990,5,-1.0,6.0,8.0,-2.0,-165,-11.939999999999998,-11,14,5.0,7.0,-16,1.0,,0.0,1.0,8,,0.0,0
260,282,194990,-7,-3.0,-4.0,-13.0,-4.0,14,-0.7899999999999991,-4,-21,2.0,-2.0,0,1.0,,4.0,-2.0,-1,,,0
261,734,194990,7,3.0,4.0,13.0,4.0,-14,0.7899999999999991,4,21,-2.0,2.0,0,-1.0,,-4.0,2.0,1,,,0
262,338,194991,3,2.0,1.0,5.0,0.0,-112,-8.849999999999994,-6,1,6.0,3.0,-14,-2.0,,-1.0,1.0,6,,,0
263,282,194991,-3,-2.0,-1.0,-5.0,0.0,112,8.849999999999994,6,-1,-6.0,-3.0,14,2.0,,1.0,-1.0,-6,,,0
264,53,194991,-5,1.0,-6.0,-2.0,-6.0,192,18.68,-21,-26,2.0,-7.0,22,-1.0,,0.0,0.0,-4,,,0
265,258,194991,5,-1.0,6.0,2.0,6.0,-192,-18.68,21,26,-2.0,7.0,-22,1.0,,0.0,0.0,4,,,0
266,66,194991,4,6.0,-2.0,2.0,,-29,-5.330000000000005,-13,-15,5.0,-5.0,-6,,,,1.0,6,,,1
267,180,194991,-4,-6.0,2.0,-2.0,,29,5.330000000000005,13,15,-5.0,5.0,6,,,,-1.0,-6,,,-1
268,246,194991,1,3.0,-2.0,-3.0,-3.0,-79,-13.109999999999992,-34,-28,13.0,0.0,-18,3.0,,4.0,-1.0,6,,,1
269,273,194991,-1,-3.0,2.0,3.0,3.0,79,13.109999999999992,34,28,-13.0,0.0,18,-3.0,,-4.0,1.0,-6,,,-1
270,734,194991,0,0.0,0.0,2.0,1.0,-86,-4.439999999999998,14,21,4.0,2.0,-10,0.0,,,0.0,9,,,1
271,496,194991,0,0.0,0.0,-2.0,-1.0,86,4.439999999999998,-14,-21,-4.0,-2.0,10,0.0,,,0.0,-9,,,-1
272,309,194991,-12,-2.0,-10.0,-6.0,-5.0,-374,-19.700000000000003,-40,-69,1.0,-9.0,-46,2.0,,1.0,1.0,-3,,,0
273,62,194991,12,2.0,10.0,6.0,5.0,374,19.700000000000003,40,69,-1.0,9.0,46,-2.0,,-1.0,-1.0,3,,,0
274,258,194985,-12,-5.0,-7.0,-11.0,-1.0,-306,-23.999999999999993,-56,-39,0.0,-3.0,-40,,,4.0,0.0,12,,,0
275,53,194985,12,5.0,7.0,11.0,1.0,306,23.999999999999993,56,39,0.0,3.0,40,,,-4.0,0.0,-12,,,0
276,273,194992,19,6.0,13.0,8.0,12.0,171,10.779999999999987,-1,33,0.0,7.0,22,0.0,,-3.0,0.0,6,,,1
277,309,194992,-19,-6.0,-13.0,-8.0,-12.0,-171,-10.779999999999987,1,-33,0.0,-7.0,-22,0.0,,3.0,0.0,-6,,,-1
278,62,194992,22,9.0,13.0,17.0,4.0,346,21.239999999999995,47,45,1.0,9.0,38,-1.0,,-4.0,0.0,-4,1.0,,1
279,246,194992,-22,-9.0,-13.0,-17.0,-4.0,-346,-21.239999999999995,-47,-45,-1.0,-9.0,-38,1.0,,4.0,0.0,4,-1.0,,-1
280,282,194993,-6,-3.0,-3.0,-5.0,-2.0,100,8.340000000000003,-23,-31,4.0,-7.0,10,1.0,,-2.0,0.0,-2,,,-1
281,496,194993,6,3.0,3.0,5.0,2.0,-100,-8.340000000000003,23,31,-4.0,7.0,-10,-1.0,,2.0,0.0,2,,,1
282,246,194993,-1,-3.0,2.0,0.0,-1.0,-47,-5.8700000000000045,4,0,10.0,-5.0,-8,5.0,,0.0,0.0,6,,,-1
283,309,194993,1,3.0,-2.0,0.0,1.0,47,5.8700000000000045,-4,0,-10.0,5.0,8,-5.0,,0.0,0.0,-6,,,1
284,734,194993,-7,-1.0,-6.0,-5.0,-3.0,-143,-11.539999999999992,-31,-5,7.0,-4.0,-20,0.0,,1.0,1.0,2,,,0
285,273,194993,7,1.0,6.0,5.0,3.0,143,11.539999999999992,31,5,-7.0,4.0,20,0.0,,-1.0,-1.0,-2,,,0
286,53,194993,21,8.0,13.0,13.0,7.0,433,30.770000000000003,75,46,6.0,2.0,50,,,-4.0,0.0,-5,,,1
287,338,194993,-21,-8.0,-13.0,-13.0,-7.0,-433,-30.770000000000003,-75,-46,-6.0,-2.0,-50,,,4.0,0.0,5,,,-1
288,66,194993,-5,-1.0,-4.0,-3.0,0.0,-237,-13.36,-36,-25,4.0,2.0,-24,3.0,,0.0,1.0,17,,,-1
289,62,194993,5,1.0,4.0,3.0,0.0,237,13.36,36,25,-4.0,-2.0,24,-3.0,,0.0,-1.0,-17,,,1
290,258,194993,8,2.0,6.0,6.0,1.0,169,17.139999999999993,56,31,-3.0,10.0,24,-1.0,,1.0,0.0,-5,,,1
291,180,194993,-8,-2.0,-6.0,-6.0,-1.0,-169,-17.139999999999993,-56,-31,3.0,-10.0,-24,1.0,,-1.0,0.0,5,,,-1
292,258,194988,-1,0.0,-1.0,-5.0,2.0,-22,-0.36999999999999744,20,14,3.0,1.0,-4,1.0,,0.0,1.0,-1,,,0
293,273,194988,1,0.0,1.0,5.0,-2.0,22,0.36999999999999744,-20,-14,-3.0,-1.0,4,-1.0,,0.0,-1.0,1,,,0
294,282,194992,-1,-3.0,2.0,-4.0,2.0,204,11.11,21,2,-2.0,0.0,22,,,0.0,0.0,-4,,,-1
295,66,194992,1,3.0,-2.0,4.0,-2.0,-204,-11.11,-21,-2,2.0,0.0,-22,,,0.0,0.0,4,,,1
296,180,194992,-4,0.0,-4.0,-2.0,1.0,-114,-11.220000000000006,6,-24,-1.0,-10.0,-16,0.0,,-1.0,-2.0,0,,,-1
297,734,194992,4,0.0,4.0,2.0,-1.0,114,11.220000000000006,-6,24,1.0,10.0,16,0.0,,1.0,2.0,0,,,1
298,53,194980,10,-2.0,12.0,1.0,7.0,323,25.630000000000003,28,31,6.0,1.0,36,,,0.0,1.0,-8,,,-1
299,496,194980,-10,2.0,-12.0,-1.0,-7.0,-323,-25.630000000000003,-28,-31,-6.0,-1.0,-36,,,0.0,-1.0,8,,,1
300,273,194994,-1,0.0,-1.0,0.0,1.0,247,20.659999999999997,17,19,-5.0,1.0,32,1.0,,-2.0,2.0,-16,,,-1
301,258,194994,1,0.0,1.0,0.0,-1.0,-247,-20.659999999999997,-17,-19,5.0,-1.0,-32,-1.0,,2.0,-2.0,16,,,1
302,496,194994,-2,-3.0,1.0,-7.0,0.0,-37,-8.14,4,-12,-1.0,-1.0,-8,1.0,1.0,2.0,1.0,9,,,-1
303,66,194994,2,3.0,-1.0,7.0,0.0,37,8.14,-4,12,1.0,1.0,8,-1.0,-1.0,-2.0,-1.0,-9,,,1
304,180,194994,-1,-3.0,2.0,1.0,-1.0,-348,-17.14999999999999,-25,-3,3.0,5.0,-36,1.0,,-1.0,-1.0,3,,,-1
305,53,194994,1,3.0,-2.0,-1.0,1.0,348,17.14999999999999,25,3,-3.0,-5.0,36,-1.0,,1.0,1.0,-3,,,1
306,338,194994,-5,1.0,-6.0,-5.0,-4.0,-241,-16.93,10,-6,6.0,-3.0,-30,-1.0,,-1.0,-1.0,6,,,-1
307,246,194994,5,-1.0,6.0,5.0,4.0,241,16.93,-10,6,-6.0,3.0,30,1.0,,1.0,1.0,-6,,,1
308,309,194994,-2,2.0,-4.0,1.0,-3.0,-273,-13.290000000000006,-51,-32,0.0,0.0,-34,,,-2.0,2.0,0,,,1
309,282,194994,2,-2.0,4.0,-1.0,3.0,273,13.290000000000006,51,32,0.0,0.0,34,,,2.0,-2.0,0,,,-1
310,62,194994,4,-2.0,6.0,2.0,2.0,347,19.129999999999995,67,51,1.0,0.0,32,0.0,,2.0,-2.0,-2,,,1
311,734,194994,-4,2.0,-6.0,-2.0,-2.0,-347,-19.129999999999995,-67,-51,-1.0,0.0,-32,0.0,,-2.0,2.0,2,,,-1
312,53,194995,13,4.0,9.0,10.0,5.0,303,12.559999999999988,87,66,8.0,2.0,30,,,-4.0,1.0,5,,,1
313,309,194995,-13,-4.0,-9.0,-10.0,-5.0,-303,-12.559999999999988,-87,-66,-8.0,-2.0,-30,,,4.0,-1.0,-5,,,-1
314,66,194995,0,3.0,-3.0,0.0,-1.0,-143,-7.430000000000007,-40,-11,4.0,-2.0,-18,1.0,,-2.0,0.0,-5,1.0,,1
315,273,194995,0,-3.0,3.0,0.0,1.0,143,7.430000000000007,40,11,-4.0,2.0,18,-1.0,,2.0,0.0,5,-1.0,,-1
316,258,194995,7,3.0,4.0,7.0,1.0,-128,-8.959999999999994,-42,-15,-1.0,6.0,-16,-1.0,,-2.0,-1.0,6,1.0,,-1
317,734,194995,-7,-3.0,-4.0,-7.0,-1.0,128,8.959999999999994,42,15,1.0,-6.0,16,1.0,,2.0,1.0,-6,-1.0,,1
318,246,194995,0,3.0,-3.0,-3.0,0.0,104,9.990000000000002,-10,-5,1.0,-1.0,14,-2.0,,-1.0,2.0,-5,,,-1
319,282,194995,0,-3.0,3.0,3.0,0.0,-104,-9.990000000000002,10,5,-1.0,1.0,-14,2.0,,1.0,-2.0,5,,,1
320,496,194995,1,3.0,-2.0,4.0,-2.0,-1,4.0,18,10,-5.0,0.0,0,-3.0,,-2.0,-2.0,4,,,1
321,180,194995,-1,-3.0,2.0,-4.0,2.0,1,-4.0,-18,-10,5.0,0.0,0,3.0,,2.0,2.0,-4,,,-1
322,338,194995,-4,3.0,-7.0,0.0,-3.0,-323,-23.17,15,5,2.0,1.0,-38,0.0,,-4.0,-3.0,11,,3.0,0
323,62,194995,4,-3.0,7.0,0.0,3.0,323,23.17,-15,-5,-2.0,-1.0,38,0.0,,4.0,3.0,-11,,-3.0,0
324,180,194977,8,3.0,5.0,7.0,0.0,108,11.39,35,47,-1.0,5.0,16,,,-2.0,0.0,-1,,,-1
325,309,194977,-8,-3.0,-5.0,-7.0,0.0,-108,-11.39,-35,-47,1.0,-5.0,-16,,,2.0,0.0,1,,,1
326,496,194992,-9,-4.0,-5.0,-5.0,0.0,-216,-12.239999999999995,-41,-29,0.0,0.0,-24,1.0,,0.0,-2.0,5,,0.0,-1
327,53,194992,9,4.0,5.0,5.0,0.0,216,12.239999999999995,41,29,0.0,0.0,24,-1.0,,0.0,2.0,-5,,0.0,1
328,282,194996,-8,-5.0,-3.0,0.0,-2.0,-161,-15.100000000000001,-41,-22,-1.0,-1.0,-24,1.0,0.0,7.0,-2.0,-7,,,1
329,258,194996,8,5.0,3.0,0.0,2.0,161,15.100000000000001,41,22,1.0,1.0,24,-1.0,0.0,-7.0,2.0,7,,,-1
330,273,194996,0,0.0,0.0,0.0,2.0,57,4.25,10,5,1.0,-3.0,6,0.0,,-1.0,0.0,-1,,,0
331,496,194996,0,0.0,0.0,0.0,-2.0,-57,-4.25,-10,-5,-1.0,3.0,-6,0.0,,1.0,0.0,1,,,0
332,309,194996,-3,-4.0,1.0,-6.0,2.0,-13,-3.539999999999999,-5,-12,-5.0,2.0,-4,0.0,1.0,1.0,-2.0,-12,1.0,,-1
333,338,194996,3,4.0,-1.0,6.0,-2.0,13,3.539999999999999,5,12,5.0,-2.0,4,0.0,-1.0,-1.0,2.0,12,-1.0,,1
334,62,194996,9,5.0,4.0,6.0,5.0,223,14.170000000000002,26,41,0.0,7.0,26,,,,-1.0,0,,,1
335,180,194996,-9,-5.0,-4.0,-6.0,-5.0,-223,-14.170000000000002,-26,-41,0.0,-7.0,-26,,,,1.0,0,,,-1
336,734,194996,-4,-2.0,-2.0,-2.0,-2.0,-209,-11.780000000000001,-22,-17,-1.0,-6.0,-26,,,2.0,1.0,16,,0.0,-1
337,53,194996,4,2.0,2.0,2.0,2.0,209,11.780000000000001,22,17,1.0,6.0,26,,,-2.0,-1.0,-16,,0.0,1
338,53,194971,4,1.0,3.0,-1.0,3.0,302,13.540000000000006,38,-2,-6.0,-2.0,28,,,0.0,0.0,-4,,,1
339,273,194971,-4,-1.0,-3.0,1.0,-3.0,-302,-13.540000000000006,-38,2,6.0,2.0,-28,,,0.0,0.0,4,,,-1
340,496,194979,2,0.0,2.0,-2.0,5.0,76,13.750000000000007,-6,-13,8.0,1.0,10,1.0,,0.0,-1.0,-8,,,0
341,338,194979,-2,0.0,-2.0,2.0,-5.0,-76,-13.750000000000007,6,13,-8.0,-1.0,-10,-1.0,,0.0,1.0,8,,,0
342,66,195000,10,8.0,2.0,8.0,1.0,141,15.540000000000006,-28,18,1.0,5.0,22,0.0,,0.0,0.0,8,1.0,,1
343,338,195000,-10,-8.0,-2.0,-8.0,-1.0,-141,-15.540000000000006,28,-18,-1.0,-5.0,-22,0.0,,0.0,0.0,-8,-1.0,,-1
344,273,195000,1,0.0,1.0,-1.0,3.0,-85,-10.590000000000003,-25,-28,1.0,-1.0,-14,-1.0,,1.0,-4.0,-8,,,1
345,180,195000,-1,0.0,-1.0,1.0,-3.0,85,10.590000000000003,25,28,-1.0,1.0,14,1.0,,-1.0,4.0,8,,,-1
346,309,195000,-18,-5.0,,,-6.0,59,6.61999999999999,-38,-38,-3.0,-1.0,6,1.0,,3.0,-1.0,-14,,,-1
347,734,195000,18,5.0,,,6.0,-59,-6.61999999999999,38,38,3.0,1.0,-6,-1.0,,-3.0,1.0,14,,,1
348,496,195000,7,2.0,5.0,0.0,8.0,85,11.159999999999997,-1,16,-7.0,-2.0,12,,,-2.0,-2.0,-15,,,0
349,258,195000,-7,-2.0,-5.0,0.0,-8.0,-85,-11.159999999999997,1,-16,7.0,2.0,-12,,,2.0,2.0,15,,,0
350,62,195000,14,8.0,6.0,14.0,1.0,216,14.709999999999994,25,45,-3.0,7.0,26,,,-4.0,3.0,-1,1.0,,1
351,282,195000,-14,-8.0,-6.0,-14.0,-1.0,-216,-14.709999999999994,-25,-45,3.0,-7.0,-26,,,4.0,-3.0,1,-1.0,,-1
352,246,195000,-11,0.0,-11.0,-7.0,-7.0,-430,-25.580000000000005,-108,-81,1.0,-7.0,-48,1.0,,1.0,2.0,21,,0.0,1
353,53,195000,11,0.0,11.0,7.0,7.0,430,25.580000000000005,108,81,-1.0,7.0,48,-1.0,,-1.0,-2.0,-21,,0.0,-1
354,496,194978,-6,0.0,-6.0,-2.0,-5.0,53,9.43,-2,-11,-3.0,-4.0,6,1.0,,0.0,3.0,-2,,,0
355,309,194978,6,0.0,6.0,2.0,5.0,-53,-9.43,2,11,3.0,4.0,-6,-1.0,,0.0,-3.0,2,,,0
356,53,194997,3,1.0,2.0,-2.0,5.0,382,21.680000000000007,45,12,-9.0,3.0,36,,,0.0,-1.0,-13,,,1
357,273,194997,-3,-1.0,-2.0,2.0,-5.0,-382,-21.680000000000007,-45,-12,9.0,-3.0,-36,,,0.0,1.0,13,,,-1
358,66,194997,3,3.0,0.0,4.0,0.0,238,19.260000000000005,27,30,-3.0,2.0,34,2.0,,,3.0,-5,,,-1
359,309,194997,-3,-3.0,0.0,-4.0,0.0,-238,-19.260000000000005,-27,-30,3.0,-2.0,-34,-2.0,,,-3.0,5,,,1
360,180,194997,2,2.0,0.0,3.0,-2.0,85,10.810000000000002,73,75,-2.0,10.0,16,-3.0,,-1.0,-1.0,-2,,,0
361,282,194997,-2,-2.0,0.0,-3.0,2.0,-85,-10.810000000000002,-73,-75,2.0,-10.0,-16,3.0,,1.0,1.0,2,,,0
362,496,194997,2,3.0,-1.0,0.0,2.0,8,4.509999999999991,13,-7,-5.0,-4.0,0,0.0,,0.0,-1.0,-9,1.0,,1
363,246,194997,-2,-3.0,1.0,0.0,-2.0,-8,-4.509999999999991,-13,7,5.0,4.0,0,0.0,,0.0,1.0,9,-1.0,,-1
364,338,194997,-8,-2.0,-6.0,-3.0,-2.0,-121,-11.079999999999998,-7,-16,3.0,0.0,-18,-1.0,,2.0,-1.0,-1,,,0
365,734,194997,8,2.0,6.0,3.0,2.0,121,11.079999999999998,7,16,-3.0,0.0,18,1.0,,-2.0,1.0,1,,,0
366,258,194997,-3,,2.0,-4.0,0.0,-231,-26.549999999999997,-20,-10,10.0,-1.0,-32,4.0,,4.0,1.0,13,,1.0,-1
367,62,194997,3,,-2.0,4.0,0.0,231,26.549999999999997,20,10,-10.0,1.0,32,-4.0,,-4.0,-1.0,-13,,-1.0,1
368,273,194998,1,-1.0,2.0,6.0,-1.0,106,10.839999999999996,-3,2,-1.0,0.0,18,1.0,,-1.0,0.0,-1,,,0
369,338,194998,-1,1.0,-2.0,-6.0,1.0,-106,-10.839999999999996,3,-2,1.0,0.0,-18,-1.0,,1.0,0.0,1,,,0
370,309,194998,7,4.0,3.0,3.0,1.0,-36,-8.030000000000001,2,13,-11.0,-1.0,-8,-2.0,,0.0,0.0,2,1.0,,1
371,258,194998,-7,-4.0,-3.0,-3.0,-1.0,36,8.030000000000001,-2,-13,11.0,1.0,8,2.0,,0.0,0.0,-2,-1.0,,-1
372,62,194998,1,3.0,-2.0,5.0,0.0,379,18.33,29,10,2.0,1.0,36,-1.0,,-3.0,0.0,0,,,1
373,496,194998,-1,-3.0,2.0,-5.0,0.0,-379,-18.33,-29,-10,-2.0,-1.0,-36,1.0,,3.0,0.0,0,,,-1
374,246,194998,3,3.0,0.0,-1.0,0.0,-56,-6.849999999999994,-24,-26,7.0,-5.0,-14,-1.0,,,-3.0,-5,,,1
375,180,194998,-3,-3.0,0.0,1.0,0.0,56,6.849999999999994,24,26,-7.0,5.0,14,1.0,,,3.0,5,,,-1
376,734,194998,-7,1.0,-8.0,-6.0,-1.0,-216,-18.290000000000006,-38,-21,-10.0,,-30,-1.0,,1.0,0.0,6,,,1
377,66,194998,7,-1.0,8.0,6.0,1.0,216,18.290000000000006,38,21,10.0,,30,1.0,,-1.0,0.0,-6,,,-1
378,282,194998,-20,-9.0,-11.0,-11.0,-7.0,-298,-26.199999999999996,-36,-32,10.0,-4.0,-36,3.0,,8.0,0.0,6,,,0
379,53,194998,20,9.0,11.0,11.0,7.0,298,26.199999999999996,36,32,-10.0,4.0,36,-3.0,,-8.0,0.0,-6,,,0
380,258,194992,4,3.0,1.0,4.0,1.0,-10,-0.4099999999999966,12,26,-4.0,0.0,-4,0.0,,,1.0,0,,,1
381,338,194992,-4,-3.0,-1.0,-4.0,-1.0,10,0.4099999999999966,-12,-26,4.0,0.0,4,0.0,,,-1.0,0,,,-1
382,246,194996,-5,-3.0,-2.0,-3.0,-2.0,51,1.4100000000000037,11,-18,0.0,-6.0,4,-2.0,,1.0,2.0,0,,,-1
383,66,194996,5,3.0,2.0,3.0,2.0,-51,-1.4100000000000037,-11,18,0.0,6.0,-4,2.0,,-1.0,-2.0,0,,,1
384,282,194999,-3,0.0,-3.0,0.0,-3.0,-84,-12.969999999999999,35,-19,0.0,-2.0,-14,,,2.0,-3.0,-2,,,1
385,273,194999,3,0.0,3.0,0.0,3.0,84,12.969999999999999,-35,19,0.0,2.0,14,,,-2.0,3.0,2,,,-1
386,338,194999,-8,-2.0,-6.0,-3.0,-6.0,46,4.1200000000000045,10,24,4.0,-3.0,6,,,2.0,0.0,-4,,,0
387,496,194999,8,2.0,6.0,3.0,6.0,-46,-4.1200000000000045,-10,-24,-4.0,3.0,-6,,,-2.0,0.0,4,,,0
388,180,194999,5,3.0,2.0,-2.0,6.0,24,2.289999999999999,-16,-15,0.0,-2.0,2,2.0,,1.0,1.0,-4,,,1
389,309,194999,-5,-3.0,-2.0,2.0,-6.0,-24,-2.289999999999999,16,15,0.0,2.0,-2,-2.0,,-1.0,-1.0,4,,,-1
390,258,194999,0,3.0,-3.0,1.0,-1.0,-6,3.770000000000003,48,-2,2.0,-4.0,-4,1.0,,-3.0,3.0,-4,,,0
391,66,194999,0,-3.0,3.0,-1.0,1.0,6,-3.770000000000003,-48,2,-2.0,4.0,4,-1.0,,3.0,-3.0,4,,,0
392,734,194999,21,6.0,15.0,8.0,12.0,70,11.559999999999995,48,64,-2.0,10.0,10,,,,-1.0,-18,,,1
393,246,194999,-21,-6.0,-15.0,-8.0,-12.0,-70,-11.559999999999995,-48,-64,2.0,-10.0,-10,,,,1.0,18,,,-1
394,53,194999,6,4.0,2.0,3.0,4.0,128,5.290000000000006,69,40,3.0,5.0,12,2.0,,-5.0,0.0,-1,,,0
395,62,194999,-6,-4.0,-2.0,-3.0,-4.0,-128,-5.290000000000006,-69,-40,-3.0,-5.0,-12,-2.0,,5.0,0.0,1,,,0
396,53,240674,15,6.0,9.0,11.0,2.0,395,19.0,37,12,-1.0,5.0,40,,,-3.0,-2.0,-8,,,1
397,258,240674,-15,-6.0,-9.0,-11.0,-2.0,-395,-19.0,-37,-12,1.0,-5.0,-40,,,3.0,2.0,8,,,-1
398,734,240674,6,0.0,6.0,5.0,1.0,-112,-4.230000000000004,31,32,-2.0,2.0,-12,-1.0,,-1.0,1.0,-4,,,-1
399,273,240674,-6,0.0,-6.0,-5.0,-1.0,112,4.230000000000004,-31,-32,2.0,-2.0,12,1.0,,1.0,-1.0,4,,,1
400,338,240674,11,2.0,9.0,6.0,8.0,-64,-0.18999999999999773,28,29,-2.0,7.0,-6,-1.0,,-3.0,-3.0,-8,,,-1
401,282,240674,-11,-2.0,-9.0,-6.0,-8.0,64,0.18999999999999773,-28,-29,2.0,-7.0,6,1.0,,3.0,3.0,8,,,1
402,180,240674,1,2.0,-1.0,-5.0,6.0,-68,-3.579999999999991,-9,21,-3.0,5.0,-10,0.0,,-2.0,-3.0,-5,,,0
403,246,240674,-1,-2.0,1.0,5.0,-6.0,68,3.579999999999991,9,-21,3.0,-5.0,10,0.0,,2.0,3.0,5,,,0
404,309,240674,4,2.0,2.0,1.0,3.0,205,17.940000000000005,60,24,-8.0,-1.0,28,2.0,,-5.0,2.0,-1,1.0,,1
405,496,240674,-4,-2.0,-2.0,-1.0,-3.0,-205,-17.940000000000005,-60,-24,8.0,1.0,-28,-2.0,,5.0,-2.0,1,-1.0,,-1
406,62,240674,2,0.0,2.0,2.0,1.0,271,11.790000000000006,29,30,-2.0,-3.0,28,2.0,,1.0,1.0,-2,,,1
407,66,240674,-2,0.0,-2.0,-2.0,-1.0,-271,-11.790000000000006,-29,-30,2.0,3.0,-28,-2.0,,-1.0,-1.0,2,,,-1
408,66,240675,1,5.0,-4.0,5.0,-3.0,-11,-0.980000000000004,-31,-2,-7.0,2.0,-2,0.0,,-3.0,-3.0,-5,0.0,,1
409,258,240675,-1,-5.0,4.0,-5.0,3.0,11,0.980000000000004,31,2,7.0,-2.0,2,0.0,,3.0,3.0,5,0.0,,-1
410,338,240675,-7,-2.0,-5.0,-5.0,-2.0,-65,-9.68,-25,-23,-5.0,-2.0,-10,1.0,1.0,1.0,2.0,7,,,-1
411,309,240675,7,2.0,5.0,5.0,2.0,65,9.68,25,23,5.0,2.0,10,-1.0,-1.0,-1.0,-2.0,-7,,,1
412,734,240675,5,2.0,3.0,7.0,-2.0,-232,-19.260000000000005,-22,2,-8.0,-2.0,-28,-1.0,,-1.0,-1.0,1,1.0,1.0,0
413,62,240675,-5,-2.0,-3.0,-7.0,2.0,232,19.260000000000005,22,-2,8.0,2.0,28,1.0,,1.0,1.0,-1,-1.0,-1.0,0
414,273,240675,-12,0.0,-12.0,-6.0,,-396,-18.86999999999999,-77,-37,2.0,-6.0,-42,,,1.0,0.0,2,,1.0,0
415,53,240675,12,0.0,12.0,6.0,,396,18.86999999999999,77,37,-2.0,6.0,42,,,-1.0,0.0,-2,,-1.0,0
416,180,240675,3,3.0,0.0,1.0,2.0,-41,-1.0799999999999983,44,15,-5.0,1.0,-6,-1.0,,2.0,1.0,5,1.0,,1
417,282,240675,-3,-3.0,0.0,-1.0,-2.0,41,1.0799999999999983,-44,-15,5.0,-1.0,6,1.0,,-2.0,-1.0,-5,-1.0,,-1
418,246,240675,0,-1.0,1.0,0.0,-3.0,30,0.37999999999999545,18,6,1.0,3.0,4,1.0,,0.0,2.0,6,,,-1
419,496,240675,0,1.0,-1.0,0.0,3.0,-30,-0.37999999999999545,-18,-6,-1.0,-3.0,-4,-1.0,,0.0,-2.0,-6,,,1
420,66,240676,2,0.0,2.0,2.0,0.0,152,8.540000000000006,50,28,3.0,2.0,18,1.0,,-1.0,-1.0,-2,,,-1
421,734,240676,-2,0.0,-2.0,-2.0,0.0,-152,-8.540000000000006,-50,-28,-3.0,-2.0,-18,-1.0,,1.0,1.0,2,,,1
422,258,240676,3,0.0,3.0,0.0,1.0,75,7.439999999999998,63,57,-5.0,1.0,10,0.0,,2.0,0.0,0,,,-1
423,273,240676,-3,0.0,-3.0,0.0,-1.0,-75,-7.439999999999998,-63,-57,5.0,-1.0,-10,0.0,,-2.0,0.0,0,,,1
424,282,240676,-9,,-3.0,-7.0,-2.0,221,10.280000000000001,-6,-28,-6.0,-1.0,22,,,4.0,3.0,11,,,-1
425,246,240676,9,,3.0,7.0,2.0,-221,-10.280000000000001,6,28,6.0,1.0,-22,,,-4.0,-3.0,-11,,,1
426,309,240676,-4,0.0,-4.0,-6.0,-1.0,0,5.530000000000001,-13,-21,4.0,-2.0,-2,2.0,,4.0,0.0,-9,,,1
427,180,240676,4,0.0,4.0,6.0,1.0,0,-5.530000000000001,13,21,-4.0,2.0,2,-2.0,,-4.0,0.0,9,,,-1
428,496,240676,1,0.0,1.0,-6.0,4.0,119,12.219999999999992,3,3,3.0,2.0,14,1.0,,-1.0,0.0,-1,,,-1
429,338,240676,-1,0.0,-1.0,6.0,-4.0,-119,-12.219999999999992,-3,-3,-3.0,-2.0,-14,-1.0,,1.0,0.0,1,,,1
430,62,240676,5,7.0,-2.0,3.0,3.0,22,4.88000000000001,16,23,-4.0,-4.0,2,-2.0,,-3.0,0.0,-7,,,1
431,53,240676,-5,-7.0,2.0,-3.0,-3.0,-22,-4.88000000000001,-16,-23,4.0,4.0,-2,2.0,,3.0,0.0,7,,,-1
432,258,240677,-1,-4.0,3.0,-1.0,-1.0,-348,-22.150000000000006,-18,-11,4.0,-4.0,-42,0.0,,0.0,0.0,6,,,-1
433,62,240677,1,4.0,-3.0,1.0,1.0,348,22.150000000000006,18,11,-4.0,4.0,42,0.0,,0.0,0.0,-6,,,1
434,282,240677,1,0.0,1.0,0.0,1.0,59,5.640000000000001,-2,-7,-3.0,-3.0,6,-2.0,,0.0,1.0,2,1.0,1.0,0
435,309,240677,-1,0.0,-1.0,0.0,-1.0,-59,-5.640000000000001,2,7,3.0,3.0,-6,2.0,,0.0,-1.0,-2,-1.0,-1.0,0
436,53,240677,13,9.0,4.0,9.0,3.0,490,16.599999999999994,88,63,6.0,4.0,42,,,-5.0,1.0,-7,,,1
437,734,240677,-13,-9.0,-4.0,-9.0,-3.0,-490,-16.599999999999994,-88,-63,-6.0,-4.0,-42,,,5.0,-1.0,7,,,-1
438,273,240677,7,0.0,7.0,6.0,0.0,336,19.849999999999994,56,12,0.0,4.0,36,1.0,,-1.0,0.0,5,,,-1
439,66,240677,-7,0.0,-7.0,-6.0,0.0,-336,-19.849999999999994,-56,-12,0.0,-4.0,-36,-1.0,,1.0,0.0,-5,,,1
440,180,240677,7,6.0,1.0,11.0,-3.0,-153,-9.63000000000001,3,26,-7.0,3.0,-20,1.0,,,-3.0,5,,,0
441,496,240677,-7,-6.0,-1.0,-11.0,3.0,153,9.63000000000001,-3,-26,7.0,-3.0,20,-1.0,,,3.0,-5,,,0
442,246,240677,-1,1.0,-2.0,-4.0,2.0,-56,-7.020000000000003,1,-27,2.0,,-10,1.0,,0.0,1.0,1,,2.0,1
443,338,240677,1,-1.0,2.0,4.0,-2.0,56,7.020000000000003,-1,27,-2.0,,10,-1.0,,0.0,-1.0,-1,,-2.0,-1
444,66,240678,-9,,0.0,-7.0,-4.0,-491,-23.060000000000002,-96,-69,4.0,-5.0,-48,-1.0,,8.0,0.0,20,,,0
445,53,240678,9,,0.0,7.0,4.0,491,23.060000000000002,96,69,-4.0,5.0,48,1.0,,-8.0,0.0,-20,,,0
446,62,240678,-1,1.0,-2.0,-5.0,3.0,98,4.75,11,8,5.0,3.0,8,1.0,,3.0,1.0,3,,1.0,1
447,273,240678,1,-1.0,2.0,5.0,-3.0,-98,-4.75,-11,-8,-5.0,-3.0,-8,-1.0,,-3.0,-1.0,-3,,-1.0,-1
448,734,240678,3,-1.0,4.0,0.0,3.0,-101,-12.089999999999996,-31,13,-8.0,3.0,-12,0.0,,1.0,1.0,-7,,,0
449,258,240678,-3,1.0,-4.0,0.0,-3.0,101,12.089999999999996,31,-13,8.0,-3.0,12,0.0,,-1.0,-1.0,7,,,0
450,338,240678,3,,5.0,-1.0,2.0,123,14.099999999999994,-12,-2,-2.0,2.0,14,-3.0,,1.0,1.0,-8,,,-1
451,180,240678,-3,,-5.0,1.0,-2.0,-123,-14.099999999999994,12,2,2.0,-2.0,-14,3.0,,-1.0,-1.0,8,,,1
452,309,240678,-3,-2.0,-1.0,-3.0,0.0,28,-0.36000000000001364,-8,4,-5.0,-1.0,2,0.0,,,0.0,-2,,,-1
453,246,240678,3,2.0,1.0,3.0,0.0,-28,0.36000000000001364,8,-4,5.0,1.0,-2,0.0,,,0.0,2,,,1
454,496,240678,1,-2.0,3.0,-4.0,6.0,121,12.75,26,26,-3.0,2.0,18,-1.0,,1.0,0.0,2,,,0
455,282,240678,-1,2.0,-3.0,4.0,-6.0,-121,-12.75,-26,-26,3.0,-2.0,-18,1.0,,-1.0,0.0,-2,,,0
